text,true_emotion,predicted_emotion
@fluffysoftlouis no no. I insist that you give me your best insult first,anger,joy
Sorry guys I have absolutely no idea what time i'll be on cam tomorrow but will keep you posted. ,anger,sadness
@ZubairSabirPTI  pls dont insult the word 'Molna',anger,anger
"Taking umbrage because Jimmy Carr claimed that Bilbo Baggins went to Mordor on 8 out of 10 cats does Countdown. Know your Baggins', mate.",anger,anger
"Me being on my dean really saving a lot of ppl, bc I don't snap nomore &amp; it take so much out of me..",anger,sadness
@LiamCannon1 He's just too raging to type properly... Ha ha!,anger,joy
"@LaureEve I am sitting here wrapped in a fluffy blanket, with incense burning, listening to Bon Iver and drinking mulled wine. I'm there.",anger,joy
Literally fuming fuck sake,anger,anger
"Kik to trade, have fun or a conversation  (kik: youraffair) #kik #kikme #messageme #textme #pics #trade #tradepics #dm  #bored",anger,joy
Just seeing Alex revells face gets me angry,anger,anger
It's the most magical time of the year......Xmas party announced and the #outrage commences. Gotta love Silicon Valley millennials.,anger,anger
"I think our defense here at USC is playing well, we just need to fix a few things on offense and we can win the PAC 12 this year'",anger,joy
@IllinoisLoyalty that Rutgers game was an abomination. An affront to God and man. We must never speak of it again.,anger,anger
Everybody talking about 'the first day of fall' but summer '16 is never gonna die #revenge @Drake,anger,joy
"@FluDino Event started! everyone is getting ready to travel to the lake of rage, where everything glows",anger,joy
"Why to have vanity sizes?Now sizes S,XS(evenXXS sometimes) are too big, WTF?! Dear corporate jerks, Lithuania didn't need this. #rant ",anger,anger
Just joined #pottermore and was sorted into HUFFLEPUFF üò°üò°üò° #fuming,anger,anger
@TrueAggieFan oh so that's where Brian was! Where was my invite? ,anger,joy
"@huwellwell One chosen by the CLP members! MP seats are not for people to dole out to their mates, we elect candidates. #fuming",anger,anger
@RevTrevK @Wolfman93011 @Daraidernation @EROCKhd Take 2k out of it the numbers on madden are low and have dropped and people are unhappy,anger,anger
"@soozclifford Sure have... Sydney are too tough, too quick and their 'team' pressure is too much for the Cats to handle. Motlop/Cowan #timid",fear,anger
"Ever been really lonely and your phone keeps blowing up, but you just can‚Äôt pick it up and respond to people?  #recluse #issues",fear,sadness
also i had an awful nightmare involving being sick where worms were involved i was so disgusted when i woke up,fear,fear
If my concerns &amp; anxiety don't matter to you then I shall return the favor. #EyeMatter,fear,fear
It really is amazing the money they give to some of these QB's #nfl #texans #brock ,fear,joy
I don't want speak front to him   #nopanicattack,fear,fear
"If i start growing out my mustache now, I can be Pablo Escobar for Halloween!!!",fear,joy
When you're scared to press send #bgoodthepoet #PrayForMe #ThisIsAGodDream #career #help  #heart #HeartRacing,fear,fear
On @Varneyco/@FoxBusiness to talk latest on #Chelsea Bombing + #Ahmad_Khan_Rahami's trips to #Afghanistan/#Pakistan #tcot #terror,fear,fear
@CesarSampao @thisisbolton don't get me started on town centre. Used to go every week.... not been for 18 months ,fear,sadness
That's an awful miss from Rooney.,fear,sadness
@mikefreemanNFL \nIsn't OBrien supposed to be some sort of offensive genius ,fear,anger
Losing to Villa...'@M0tivati0nQuote: Most of the things people worry about are things that won't even matter to them a few months from now.',fear,sadness
"Came in to work today 1.5 hours late.1st thing I hear: 'Ma'am,the big boss has been waiting for you in his office.' #panic #hateBeingLate üò©üò™",fear,fear
@ChrissyCostanza and have social anxiety. There is many awkward things wrong with me. üòÑ,fear,fear
Watching It Follows.  This is a super freaky movie.  #scary,fear,fear
‚ÄúWe can easily #forgive a #child who is #afraid of the #dark; the real #tragedy of #life is when #men are #afraid of the #light.‚Äù‚ÄìPlato,fear,fear
"@AlaskaGurus @adventuretweets agreed! üòç an awe to meet such beautiful, powerful animals.",fear,joy
About 7 weeks till I can pick up my camera again. Though I think there is a group cemetery shoot in october I can make! #photography ,fear,joy
When you're scared to press send #bgoodthepoet #PrayForMe #ThisIsAGodDream #career #help #fear #heart #HeartRacing,fear,fear
@yungdoujin wouldn't that basically be sparkling water,joy,joy
Somebody who has braved the storm is brewing. ,joy,fear
A #new day to #live and #smile. Hope all the #followers a nice #night or #day. :D,joy,joy
"It's #HobbitDay! \nHobbit's give gifts on their birthdays, so I'm sharing the gift of #glee today! Find something that makes you happy!",joy,joy
A lifetime of laughter at the expense of the death of a bachelor,joy,joy
@MacDsmash you should get some @SSB_Swedish delight,joy,joy
Each day is what you make of it! #goals #challenges #business #goals #optimism #happy #success #photographer #photography #ThursdayThoughts,joy,joy
Nawaz Sharif is getting more funnier than @kapilsharmak9 day by day. #laughter #challenge #kashmir #baloch,joy,joy
@Bluebelle89 @lsmith855 liking the optimism,joy,joy
@tomlinmayniac starting my new challenge ! A glee poll every day !,joy,joy
Tutoring gives me such an exhilarating feeling. I love helping people üòå,joy,joy
@MichiganBromo Good optimism sir :),joy,joy
"@DocBellsSwan *peers down at you, eyes crinkling with mirth and affection* I do love ye so, my bonnie Belle.",joy,joy
i was so embarrassed when she saw us i was like knvfkkjg she thinks we're stalkers n then she starts waving all cheerfully inviting us in üò©,joy,fear
@Bridget_Jones was joyous. Worried I would be disappointed. Most definitely was not. #chickflick #giggles #comethefuckonbridget,joy,joy
"@PhilGlutting Hey There Phil Glutting thank you for following us, it's appreciated :) #smile",joy,joy
@hesham786 that's the spirit ,joy,joy
"@theclobra lol I thought maybe, couldn't decide if there was levity or not",joy,joy
@chencouture LMAO Is it that 'so slutty' hater girl? That video was hilarious. üòÇ,joy,joy
"This tweet is dedicated to my back pain, which I do not understand because I am youthful and spry. Full of life. Vivacious.",joy,joy
This world has some serious issues we should all go to therapy,sadness,sadness
aaahhhh! a little @OtisRedding to soothe the soul. #music #blues,sadness,joy
"Hello my dear friends, I will be back online this Friday night. I miss you! #sober #sobriety #recovery",sadness,joy
Common app just randomly logged me out as I was writing the last part of my college essay and lost all of it üò≠üò≠üò≠,sadness,sadness
"@LeePorter94 @DomMcGovern_ hi Dom I saw u at Notts county away, looking for 1 mufc away ticket will pay #blues",sadness,joy
@AnjiDunlap droop in leggings? Are they wearing XXXL?,sadness,joy
‚ÄúDyslexia is the affliction of a frozen genius.‚Äù‚Äï Stephen Richards,sadness,sadness
"@GRIPLIKEAVICE_ I wouldn't mind if it didn't you know, threaten my job when I disagree. Puts a damper on things.",sadness,fear
im thoroughly in love w zen and jumin and i dont think id even have the patience for either of them irl im old and weary,sadness,sadness
@xOffWithMyHeadx They've officially said all the episodes left (so future 12 and despair 11 and 12) will be delayed.,sadness,sadness
aaahhhh! a little @OtisRedding to soothe the soul. #music ,sadness,joy
HATE that there's ads for #depression &amp; #mentalhealth #meds. That's ONLY something your doctor can determine. Everyone is different. #ssri,sadness,anger
"Don't be disheartened if you didn't get the cards you wanted, it's not the end of the world......E-Eh...? Y-You want me to cheer you up?",sadness,sadness
Should of stayed in Dubai üòû,sadness,sadness
"@ccrago It was dreadful, even after he met the Catfish he still thought it was her!",sadness,sadness
A3: But chronic sadness may mean there are underlying issues than getting sad occassionally over a particular issue (2/2) #mhchat,sadness,sadness
"@CovinoandRich just heard back2back,  guess that's why they call it the blues &amp; she's got the look, but I can only sing tickle sacks version",sadness,sadness
A .500 season is all I'm looking for at this point. #depressing #royals,sadness,sadness
Remembering those day when u still did'nt know kpop n thinking about how sad your life was without it - Kpop fan,sadness,joy
"@DxfyingGrxvity - frustration, looking up at Elphaba in a frown of aggravation. Her high pitched voice was growing more and more --",sadness,anger
